{"cameraMode":{"drawMode":0,"name":"Shaded","section":"Shading Mode"},"sceneLighting":false,"audioPlay":false,"sceneViewState":{"m_AlwaysRefresh":false,"showFog":false,"showSkybox":false,"showFlares":false,"showImageEffects":false,"showParticleSystems":false,"showVisualEffectGraphs":true,"m_FxEnabled":true},"in2DMode":false,"pivot":{"x":-0.005067944526672363,"y":1.050424337387085,"z":0.06958839297294617},"rotation":{"x":0.0668330118060112,"y":-0.8152854442596436,"z":0.09608559310436249,"w":0.5671399831771851},"size":1.437505841255188,"orthographic":false}